acquisition_channel,n_accounts,avg_cac,avg_mrr,churn_rate,mrr_to_cac_ratio
organic,1169,49.78,69.27,0.06643484626647145,1.3917
referral,630,74.59,66.13,0.06450475854776172,0.8866
content,295,99.67,69.02,0.060906515580736544,0.6925
paid_social,906,150.46,68.21,0.06527033609352167,0.4533