plan,billing_period,churned,total,churn_rate,avg_mrr
basic,annual,53,1149,0.0461,24.0700000000000000
basic,monthly,473,5705,0.0829,29.0000000000000000
pro,annual,39,902,0.0432,65.5700000000000000
pro,monthly,245,4221,0.0580,79.0000000000000000
team,annual,12,255,0.0471,165.1700000000000000
team,monthly,78,1587,0.0491,199.0000000000000000